10mile,だめがね
Bitter half,人妻運輸・催眠NTR便
Bitter half,人妻運輸・催眠NTR便 ～生田目美紀の欲望～
Bitter half,人妻運輸・催眠NTR便 ～須藤順子の誘惑～
Chien（シアン）,RGH～恋とヒーローと学園と～
Chien（シアン）,ヤ・ク・ソ・ク☆ラブハーレム
Chien（シアン）,よめはぴ～You make happy!～
Chien（シアン）,らくがきオーバーハート
Chien（シアン）,学園舞闘のフォークロア
Nephrite,ふれるてラブコネクト ～オレとカノジョの恋愛表現（ラブスキンシップ）～
Nephrite,夏の幼馴染と、冬のカノジョ
Nephrite,セ・ン・パ・イ～広海センパイとのラブエロ部活
SukeraSparo,ことのはアムリラート
Sweet Sugar,未来はキミに恋してる
おとこの娘時代,オトコノコラブプレイ
ハニーマリー,見合い結婚した幼妻が男の娘だった件
めるてぃ,堕ちていく若妻 麻衣子
ぴたふぇち！,ちゅぴちゅぴ男の娘 ～家庭教師と双子のひみつの授業～
ぴたふぇち！,ブレイク／プライド
ぴたふぇち！,ごっくん！おさな妻～黒髪ぷに巨乳な新妻との新婚LIFE～
ぴたふぇち！,ごっくん！おにーちゃんみるく♪～ぷにぷにおっぱいな妹と～
ぴたふぇち！,ごっくん！マイダーリン～金髪ぷに巨乳な婚約者の調教DAYS～
ぴたふぇち！,ラブラブオトコの娘寮 ～僕を奪いあうオトコの娘（おとうと）とオトコの娘（ネットアイドル）
ぴたふぇち！,幼馴染と結婚したら御付のメイドもやってきた件
ぷちぱるふぇ,にいなちゃん Lovely Life
マンマミーア！,お母さんの甘々タイム ～お風呂でマッサージ～
マンマミーア！,お母さんの甘々タイム ～一緒に夜の研修マッサージ～
