Monogram,父娘の秘密～妻に言えない親子の関係～
Monogram,親娘交流 ～下半身言語でコミュニケーション～
Monogram,淫妹秘事～姉さんよりも私を孕まさない？～
トルピード,ヴァージン・ワイフ、密やかな開通～あなた、お父さんに躾けられてしまったの…～
みるくぱい,絶頂天使アクメリア
TORPEDO,爆走女装計画 ～もしも俺が女装させられてレディースに入隊させられたら～
TORPEDO,淫薬依存学園～もっと…もっとちょうだい！～
アパタイト,あなたの精液（ミルク）くださいな ～私とボクとどっちがお好み？～
アパタイト,あの夏の不確定な彼女
アパタイト,ご主人様は、お父さん ～妻には言えないヒミツの遊戯～
アパタイト,ぼくがボクに興奮するわけがないっ！ ～お姉ちゃんの弟女装教育～
アパタイト,不可視な愛情～透明なボクに感じるママ～
アパタイト,発情淫母～疼く熟体は、その欲情を抑えきれない～
アパタイト,妹蜜　～激ＬＯＶＥ妹はフタナリ妖精～
アパタイト,湯けむりの背徳交姦 ～幼なじみは、兄嫁で、若女将で、未亡人でした～
アパタイト,一途に絶対服従な妹をめちゃくちゃにしてみた～愛欲兄妹～
アパタイト,ウチの地味な妹が、こんなに巨乳でエロかったなんて！～濡れたらヌレる発情スイッチ～
アパタイト,セメラレ ～妹で感じるなんて、お兄ちゃんは変態なんだね～
アパタイト,俺の妹は、ツンデレで変態でした～お兄ちゃんの前でだけなんだからね!
アパタイト,兄妹秘哀～イヤなのに、カンじちゃう～
アパタイト,妻のJK妹との学内淫交 ～止められない、背徳への誘惑～
アパタイト,娘の親友JKとの淫交 ～こんな事が娘や妻にばれたら…～
アパタイト,義妹のネトリクリニック～妻の知らない入院性活
アパタイト,見習い退魔師 本気でイキますっ！
アパタイト,愛娘は、マゾ性隷 ～娘だからって遠慮しないでね？～
アパタイト,妹ハメ ～あんな奴に渡すくらいなら…！～
アパタイト,妹々こみにゅけ～しょん ～おにいちゃん、大人の遊びシよ？～
アパタイト,軟体レッスン ～いいなり彼女とひみつの放課後～
アパタイト,淫姉隷属 ～影に潜んだ愛欲と支配～
アパタイト,幼馴染みが父親とデキていた件について ～おやじからの羞恥ネトリ調教～
アパタイト,アイドル肉体交感 ～おれがあの子で、あの子がオレ～
アパタイト,アナル＊ティーチャー～感度良肛！？逆レッスン～
アパタイト,あやまちの密愛～夫に言えない義父との淫交
アパタイト,キモオタと言われる俺が、欲求不満な肉穴に中出ししまくりました ～地味だけど実は淫乱な巨乳人妻～
アパタイト,コスプレ娘M調教 ～お付き合いしてくれるなら、なんでもします……～
アパタイト,ショタチンにアヘる黒ギャル ～マセガキかと思っていたのに…～
アパタイト,デレツンお姉ちゃんのエッチレッスン ～イジメちゃうのは、愛してるからなんだよ？～
アパタイト,ほら、そんなに声を漏らすと彼氏にバレちまうぜ？ ～エロゲ世界でモブの少女を寝取ってみた～
アパタイト,マジ、もうやめてよっ…！ ～褐色肌に刻まれる家庭狂イクッ～
アパタイト,わ、わたしを縛りたい？ ～僕と地味娘の秘密の関係～
アパタイト,ワタシ、HENTAIになっちゃう ～これが憧れの留学性活！？～
アパタイト,愛娘のお尻はパパ専用 ～妻の前で、こんな事をするなんて…～
アパタイト,夫に言えない義父との姦淫 ～嫌なのに忘れられなくなりそう～
アパタイト,黒ギャルビッチに射精管理されました？ ～あーしにいろんな格好させて興奮するとかキモいんですけど～
アパタイト,母撮 ～堕ちていく母の映像記録
アパタイト,妻と息子にバレてはいけない背徳の媚熱 ～あやまちの密愛2～
アパタイト,妖姫エィッチ ～エッチで純情な僕の退魔術～
アパタイト,隠れて！ドキドキアイドルH！ ～マネージャーとのいけないレッスン？～
アパタイト,姉撮 ～堕ちていくお姉ちゃんを助けられない僕～
アパタイト,姉巫女の淫欲なる儀式 ～我慢できないぼく～
アパタイト,ふたいもデイズ～おにいちゃん、ナイショでシよ♪～
アンモライト,すうぃ～と☆SwitcH ～まじわるシセンでとろけるカラダ～
アンモライト,淫艶の湯 ～三代の女将達との密交～
アンモライト,お兄ちゃん、教えて…… ～義妹とヒミツの保健実習～
アンモライト,りとる☆ついんず ～すぐにトリコにしてあげる♪～
アンモライト,お兄ちゃん、教えて…… ～義妹とヒミツの保健実習～
アンモライト,JuiCy妹☆変態パコりっくす ～目指せ！ モテカワHなオンナノコ♪～
アンモライト,インモラル・ラヴァーズ ～嫁や義父には言えない家庭の情事～
アンモライト,お姉ちゃんとショータくんと。 ～ナカを良くするHのカンケイ～
アンモライト,すうぃ～と☆SwitcH ～まじわるシセンでとろけるカラダ～
アンモライト,りとる☆ついんず ～すぐにトリコにしてあげる♪～
スピンドル,妹乳すきゃんだる ～愛でてよ、お兄ちゃん～
スピンドル,みこみこ☆ちぇんじんぐ ～小さいの大きいの、どっちが好き？～
スピンドル,痴女志向 ～太ったおじさんじゃなきゃダメなの！～
スピンドル,僕と2人のご主人様 ～保険医と同級生の危ない性癖～
スピンドル,淫辱痴感 ～あなたなんかには、屈しない！～
アパダッシュ,オフパコされたら、エッチなアシスタントができちゃった？～僕が売れっ子になった理由～
アパダッシュ,いもうと催眠 ～ナマイキ妹を催眠術で言いなりに！…したつもりが、俺の方がヤられまくってる件について～
アパダッシュ,お前の旦那だって俺の妻を奪ったんだから、いいだろう？ ～復讐のネトリ～
アパダッシュ,お前の妻は、オレの淫乱肉嫁 ～お隣さんは欲求不満でした～
アパダッシュ,満淫オーク電車 ～くっ！ 任務じゃなければこんな場所…～
アパダッシュ,熱闘！ハレンチ運動会！ ～汗だせ、声だせ、精子だせ～
SPINDLE,隣妻2 ～夫じゃできないこといっぱいシて～
アンダームーン,女学園の性欲食堂 ～特精ソースで傀儡に変わる少女たち～
ORCSOFT／DWARFSOFT,お隣の黒人夫に抱かれて啼き悶える最愛の妻。その引き換えに味わう黒人妻の肌。
ORCSOFT／DWARFSOFT,愛妻日記 特典ＣＤ
ORCSOFT／DWARFSOFT,聖ヤリマンシスターズ　パコパコ日記
Parthenon（パルテノン）,弱みを握って人妻とその娘をパコってみた
Parthenon（パルテノン）,閃電の守護騎士ニィナ
Parthenon（パルテノン）,姉キット-Ｈなお姉ちゃんいりませんか？-
Parthenon（パルテノン）,Temptation NAKED
Parthenon（パルテノン）,Temptation Retaliate
