ディーゼルマイン dieselmine,The3Days -15人連続レイプ-
ディーゼルマイン dieselmine,ナマ配信【来場者数100万を誇るお嬢様との腹ボテＳＥＸ】
ディーゼルマイン dieselmine,はじめてどうし２～HAPPYバカップル～
ディーゼルマイン dieselmine,いつでも性交！？ アイドル学園！
ディーゼルマイン dieselmine,もう許してッ！射精管理お姉さん
ディーゼルマイン dieselmine,ヤりすぎ！セクハラナース
ディーゼルマイン dieselmine,俺の催眠ファンタジア ～エロ催眠で戦女神から魔王までハメ放題！！～
ディーゼルマイン dieselmine,催眠ファンタジア～聖女から魔王まで、種付け腹ボテやり放題！！～
ディーゼルマイン dieselmine,犯され勇者～凛々しく世界を救うハズだったボク…～
ディーゼルマイン dieselmine,犯され勇者Ⅱ～勇者なのに、ちんちんをピクピクされてばかりのボク…～
ディーゼルマイン dieselmine,犯され勇者III～勇者なのに、ビンカンすぎるボクのおち○ちん…～
ディーゼルマイン dieselmine,犯され勇者Ⅳ ～もうダメっ。ボクのおち○ちんは限界なのにぃ～
ディーゼルマイン dieselmine,犯され勇者V～どんなにレベルを上げても、すぐ射精しちゃうボクのおち○ちん…～
ディーゼルマイン dieselmine,明るく楽しい催眠学園～エロ校則をいっぱい作ったら超リア充になれた！～
ディーゼルマイン dieselmine,生意気だった、茜ちゃん～47才無職キモデブが飼育して特濃SEXに嵌らせちゃう日記～
ディーゼルマイン dieselmine,自由自在にエロ催眠～ダメダメの俺でも美少女退魔士と犯りまくり！～
ディーゼルマイン dieselmine,美少女ＪＫアイドル香澄は 100万人のオ・ナ・ホ(ﾊｰﾄ)
ディーゼルマイン dieselmine,ツンデレ従姉妹と小悪魔な姪が可愛すぎるので、エロ教育して孕ませちゃうお話
ディーゼルマイン dieselmine,監禁少女【Re birthing】
ディーゼルマイン dieselmine,目が覚めたら精液が100倍溜まる身体になってた→大量注入！
ディーゼルマイン dieselmine,問答無用!種付け許可証 ～劣等遺伝子の俺でも国家権力でナカ出し放題～
すたじおもみじ,高貴なお嬢様を片っ端から孕ませたら、どうなるか？