ARTEMIS(あるてみす),診断の結果、それは恋の病です
Parthenon（パルテノン）,Sister Prison
Parthenon（パルテノン）,Temptation Revenger
Parthenon（パルテノン）,ふぇら・ふぇちっ！
Parthenon（パルテノン）,僕と契約して幼なじみ生徒会長に催眠をかけよう！
Parthenon（パルテノン）,（らぶ）りなアイドル
Parthenon（パルテノン）,魔孕巫女 ～お清めは愛欲淫靡に～
Parthenon（パルテノン）,妹孕ませっくす
Parthenon（パルテノン）,♥りの変態日記～痴女になりたい女の子～
Parthenon（パルテノン）,ふぇら・ふぇちっ！～Fella‐Fetish～
Parthenon（パルテノン）,痴漢教師～狙われた牝生徒～
Parthenon（パルテノン）,家出喫茶～貴方のブースで稼がせて～
アースガル,らいでぃんぐ いんきゅばす
クレージュA(エース),彼には言えない恥辱の関係～ごめんね、わたし先生のものにされちゃった・・・～
ORCSOFT／DWARFSOFT,催眠アイドロップス
ORCSOFT／DWARFSOFT,ましゅまろ☆いもうと☆さっきゅばす☆
ソフトさーくるクレージュ,blue note