flap,らぶらぶボイン 妹の巨乳
flap,らぶらぶボイン 保健医の巨乳
flap,らぶらぶボイン えるしす
flap,絶対プリンセスのワンマンバトラー
flap,らぶらぶボイン -高飛車の巨乳-
flap,母娘妊術くのいちPonPon!!
flap,へんしん彼女～はるかが○○に着替えたら～
みるくぱい,女神凌辱 ～パイズリ姫ベルダンディー～
みるくぱい,女神凌辱 ～肛交僧侶スクルド～
みるくぱい,女神凌辱 ～姦虐戦乙女ブリュンヒルド～
みるくぱい,女神凌辱 ～乱交狩人ウルド～
みるくぱい,痴漢電車Ｆカップ未亡妻れいこ
みるくぱい,痴漢電車Ｇカップ新妻ちえみ
みるくぱい,痴漢電車Ｈカップ若妻まいな
みるくぱい,痴漢電車Ｉカップ熟妻きょうこ
らぱぷる,なまたま
ローズクラウン,Bloods～淫落の血族2～
ローズクラウン,セーラー服心療妻科 -内緒のえっちなカウンセリング-
黒色槍騎兵,催淫～生意気な女達の中へサインイン!～
FlyingShine黒,おまな2 おまえんち萌えてるぞ
FlyingShine黒,彼女たちの禁忌
Sukaradog（スカラドギ）,痴態姦賞
Le.Chocolat（ル・ショコラ）,Swan Song
ES-pot（エスポット）,淫触の辱夢
ES-pot（エスポット）,桜花繚乱
ES-pot（エスポット）,マジカルチェンジゆうきくん
Blue Topaz,座敷楼 －無垢乙女狂育－
Finish!,触手痴漢電車 ～女子校生淫らに堕ちる～
S.M.L,Re：（アールイーコロン）
アメノムラクモ,あなた、見ないで…～恥悦奉仕妻みゆき