ディーゼルマイン dieselmine,Ｍ－days　慟哭の交尾地獄
ディーゼルマイン dieselmine,The3Days -15人連続レイプ-
ディーゼルマイン dieselmine,いつでも性交！？ アイドル学園！
ディーゼルマイン dieselmine,えんじょぶ　～Ｊ●びっちの肉穴はオレ専用の熱々オナホール～
ディーゼルマイン dieselmine,ここは好きなだけセックスして、みんなに喜ばれる世界！
ディーゼルマイン dieselmine,セレブ妻の穴 ～高級マ●コは俺のザーメン中出し便器～
ディーゼルマイン dieselmine,ツンデレ従姉妹と小悪魔な姪が可愛すぎるので、エロ教育して孕ませちゃうお話
ディーゼルマイン dieselmine,ディーゼルマインDXパック第1弾～催眠乱舞～
ディーゼルマイン dieselmine,ディーゼルマインDXパック第2弾～凌辱輪舞～
ディーゼルマイン dieselmine,ディーゼルマインDXパック第3弾～精液みどろ～
ディーゼルマイン dieselmine,ディーゼルマインDXパック第4弾～特殊性宴～
ディーゼルマイン dieselmine,ナマ配信【来場者数100万を誇るお嬢様との腹ボテＳＥＸ】
ディーゼルマイン dieselmine,はじめてどうし２～HAPPYバカップル～
ディーゼルマイン dieselmine,もう許してッ！射精管理お姉さん
ディーゼルマイン dieselmine,ヤリすぎ！？セクハラナース
ディーゼルマイン dieselmine,俺の催眠ファンタジア ～エロ催眠で戦女神から魔王までハメ放題！！～
ディーゼルマイン dieselmine,俺の恩師は糞ビッチ
ディーゼルマイン dieselmine,催眠、好きですか ～あの娘の発情スイッチON!～
ディーゼルマイン dieselmine,催眠、好きですよね？～アイドルだって発情させます～
ディーゼルマイン dieselmine,催眠ファンタジア～聖女から魔王まで、種付け腹ボテやり放題！！～
ディーゼルマイン dieselmine,大逆転！無人島はレイプパラダイス
ディーゼルマイン dieselmine,対魔戦姫アヤネ ～恥辱催眠の罠～
ディーゼルマイン dieselmine,犯され勇者～凛々しく世界を救うハズだったボク…～
ディーゼルマイン dieselmine,犯され勇者Ⅱ～勇者なのに、ちんちんをピクピクされてばかりのボク…～
ディーゼルマイン dieselmine,犯され勇者III～勇者なのに、ビンカンすぎるボクのおち○ちん…～
ディーゼルマイン dieselmine,犯され勇者Ⅳ ～もうダメっ。ボクのおち○ちんは限界なのにぃ～
ディーゼルマイン dieselmine,犯され勇者V～どんなにレベルを上げても、すぐ射精しちゃうボクのおち○ちん…～
ディーゼルマイン dieselmine,好きなだけ即ハメ＆種付けして喜ばれる世界
ディーゼルマイン dieselmine,好きなだけ種付けセックスして、みんなに喜ばれる世界！！
ディーゼルマイン dieselmine,和姦催眠 ～幼馴染の彼女は催眠PlayMates～
ディーゼルマイン dieselmine,監禁少女【Re birthing】
ディーゼルマイン dieselmine,快感! SPOT☆LIGHT
ディーゼルマイン dieselmine,美少女ＪＫアイドル香澄は 100万人のオ・ナ・ホ(ﾊｰﾄ)
ディーゼルマイン dieselmine,明るく楽しい催眠学園～エロ校則をいっぱい作ったら超リア充になれた！～
ディーゼルマイン dieselmine,目が覚めたら精液が100倍溜まる身体になってた→大量注入！
ディーゼルマイン dieselmine,逆転！ＡＨＥ♥学園～目覚めろ俺の超精液砲～
ディーゼルマイン dieselmine,女戦士の屈辱－異種姦連続交尾の記－
ディーゼルマイン dieselmine,清楚なJ○に媚薬まみれのチ○ポを即ハメしたら俺の精液便器になった！
ディーゼルマイン dieselmine,人妻 湯けむりパラダイス
ディーゼルマイン dieselmine,人妻の穴～あの子はここから生まれてきたのよ～
ディーゼルマイン dieselmine,生意気だった、茜ちゃん～47才無職キモデブが飼育して特濃SEXに嵌らせちゃう日記～
ディーゼルマイン dieselmine,聖・逆レイプ学園 ～俺の精液を根こそぎ搾り尽くすオンナたち～
ディーゼルマイン dieselmine,問答無用!種付け許可証 ～劣等遺伝子の俺でも国家権力でナカ出し放題～
ディーゼルマイン dieselmine,妖蟲ノ檻
ディーゼルマイン dieselmine,自由自在にエロ催眠～ダメダメの俺でも美少女退魔士と犯りまくり！～
すたじおもみじ,for your smile　～あなたのことは、好きでした～
すたじおもみじ,びんかん!彼女～オレの清楚な彼女は敏感すぎてすぐにアヘっちゃう!～
すたじおもみじ,捕食ゲーム～生きたまま丸呑み～
すたじおもみじ,捕食ゲーム２～さようなら。丸呑み～
すたじおもみじ,超！びんかん・彼女
すたじおもみじ,高貴なお嬢様を片っ端から孕ませたら、どうなるか？
すたじおもみじ,高貴なる孕ませパック！
すたじおもみじ,危険日狙って！？孕ませ学園
すたじおもみじ,危険日狙って！？孕ませ学園２
すたじおもみじ,孕ませ学園パック！